task_Id,time
2_M2,1.0012309551239014
2_M0,3.003246784210205
3_M0,3.0023932456970215
6_M2,2.0012717247009277
5_M0,3.0021049976348877
6_M1,3.002382516860962
6_M3,4.001150608062744
9_R0,1.0011866092681885
8_R0,3.002471446990967
6_R1,3.0005109310150146
4_R0,2.0002222061157227
3_R1,2.0009684562683105
0_M0,3.002166271209717
0_R1,3.003232717514038
