task_Id,time
8_M2,3.0239179134368896
9_M2,2.010650157928467
11_M2,3.009948968887329
12_M2,3.011936902999878
13_M2,4.034552574157715
14_M2,3.0139052867889404
15_M2,4.011296033859253
17_M2,4.006308078765869
19_M2,2.006629467010498
20_M2,1.0143225193023682
24_M2,1.0133216381072998
25_M2,1.01332426071167
28_M2,4.010270357131958
