task_Id,time
0_M2,3.002512216567993
1_M2,1.0011374950408936
3_M2,1.0004122257232666
5_M2,2.0021934509277344
7_M2,4.001827716827393
9_M2,4.004230976104736
11_M2,2.002216100692749
12_M2,2.002188205718994
13_M2,4.002161264419556
14_M2,4.0020668506622314
