task_Id,time,start_time,end_time
1_M2,4.003196716308594,1607019241.1625714,1607019245.1657681
5_M0,1.0008165836334229,1607019246.5718274,1607019247.572644
3_M1,4.003702402114868,1607019244.6622183,1607019248.6659207
5_M2,4.0017476081848145,1607019246.5720983,1607019250.5738459
7_M0,3.000562906265259,1607019248.9052255,1607019251.9057884
9_M2,2.0016958713531494,1607019251.5202768,1607019253.5219727
9_M0,2.0019612312316895,1607019251.5198653,1607019253.5218265
11_M0,1.0013842582702637,1607019254.287167,1607019255.2885513
11_M1,2.0022220611572266,1607019254.2876287,1607019256.2898507
10_M1,3.0033774375915527,1607019253.433863,1607019256.4372404
13_R0,1.001307487487793,1607019257.2641318,1607019258.2654393
11_M3,4.001873970031738,1607019254.2879272,1607019258.2898011
15_M0,2.002314805984497,1607019258.4905229,1607019260.4928377
16_M2,2.0006344318389893,1607019259.2891743,1607019261.2898088
19_M2,1.0012726783752441,1607019261.0581934,1607019262.0594661
17_M0,3.003161907196045,1607019259.9105897,1607019262.9137516
18_M0,3.0007925033569336,1607019260.6130507,1607019263.6138432
20_M0,4.003062963485718,1607019261.714704,1607019265.717767
21_R0,2.0023417472839355,1607019265.9783466,1607019267.9806883
21_M3,2.0014541149139404,1607019265.9802957,1607019267.9817498
21_M1,2.003115177154541,1607019265.9786952,1607019267.9818103
23_M0,1.0014216899871826,1607019268.7216473,1607019269.723069
23_M2,1.001152753829956,1607019268.722409,1607019269.7235618
23_M1,2.0022761821746826,1607019268.7220883,1607019270.7243645
0_M2,3.003284454345703,1607019339.9345164,1607019342.937801
