task_Id,time
1_M2,2.0129220485687256
7_M2,4.003771781921387
11_M2,4.0054545402526855
13_M2,2.0103118419647217
14_M2,2.0048959255218506
19_M2,1.0148169994354248
21_M2,1.0213098526000977
