task_Id,message,time
2_M0,TASK BEGUN,1607063833.1731591
3_M2,TASK BEGUN,1607063835.8051186
2_M0,TASK END,1607063837.1884522
8_M0,TASK BEGUN,1607063838.7155375
3_M2,TASK END,1607063839.8216138
8_M0,TASK END,1607063840.721168
8_R0,TASK BEGUN,1607063840.8478298
8_R0,TASK END,1607063842.8604755
11_M0,TASK BEGUN,1607063843.4967406
11_M1,TASK BEGUN,1607063843.4977388
11_M0,TASK END,1607063844.4990995
12_M2,TASK BEGUN,1607063846.0917969
13_M0,TASK BEGUN,1607063846.2750657
11_M1,TASK END,1607063846.506446
14_M0,TASK BEGUN,1607063846.65011
14_M1,TASK BEGUN,1607063846.6545875
15_M2,TASK BEGUN,1607063847.0924478
12_M2,TASK END,1607063847.1053817
13_M0,TASK END,1607063847.28889
14_M0,TASK END,1607063847.6598969
14_M1,TASK END,1607063848.6652062
16_M0,TASK BEGUN,1607063849.2097514
15_M2,TASK END,1607063850.109342
16_M0,TASK END,1607063850.2170527
18_M1,TASK BEGUN,1607063850.3148253
19_M1,TASK BEGUN,1607063850.4873357
19_M1,TASK END,1607063851.504608
20_M1,TASK BEGUN,1607063853.4421842
18_M1,TASK END,1607063854.3221414
21_M2,TASK BEGUN,1607063854.4806695
22_M0,TASK BEGUN,1607063855.3403618
22_M3,TASK BEGUN,1607063855.3463483
25_M0,TASK BEGUN,1607063856.1651573
20_M1,TASK END,1607063856.4544916
21_M2,TASK END,1607063856.4853818
25_M0,TASK END,1607063857.1737647
25_M3,TASK BEGUN,1607063857.1937137
28_M1,TASK BEGUN,1607063857.2076707
29_M1,TASK BEGUN,1607063857.7216978
22_M0,TASK END,1607063858.3629847
22_M3,TASK END,1607063859.3543322
29_M1,TASK END,1607063859.7313552
25_M3,TASK END,1607063860.2000697
28_M1,TASK END,1607063861.2247534
6_M3,TASK BEGUN,1607063924.2418945
6_M3,TASK END,1607063925.2561758
