task_Id,time
4_M0,2.0006518363952637
7_M0,1.001086950302124
7_M2,1.0007705688476562
8_M0,2.0013415813446045
8_M1,2.0011227130889893
7_M1,3.000840902328491
8_M2,3.0007619857788086
9_M0,3.0016212463378906
7_R1,2.001221179962158
6_R0,2.0006580352783203
5_R0,2.0021955966949463
3_R0,2.0011799335479736
2_R0,2.002260208129883
2_R1,4.004122734069824
1_R0,1.0012705326080322
1_R1,1.0012588500976562
