task_Id,message,time
e,end_time
2_M1,1.001514196395874,1607019061.6186762,1607019062.6201904
3_M1,2.001142740249634,1607019063.2151043,1607019065.216247
6_M0,2.002068042755127,1607019064.203818,1607019066.2058861
8_M0,2.0015196800231934,1607019064.4469573,1607019066.448477
5_M0,3.000535249710083,1607019064.0974374,1607019067.0979726
5_M1,3.0033180713653564,1607019064.0977824,1607019067.1011004
8_M2,3.0020272731781006,1607019064.447778,1607019067.4498053
11_M1,2.002476692199707,1607019065.7592623,1607019067.761739
13_M0,1.0016088485717773,1607019067.3468974,1607019068.3485062
8_M1,4.0024025440216064,1607019064.4474235,1607019068.449826
12_M2,2.0029120445251465,1607019067.345663,1607019069.348575
12_M1,4.002235412597656,1607019066.34369,1607019070.3459253
15_M0,1.0012898445129395,1607019070.1180983,1607019071.119388
16_M0,1.0006587505340576,1607019070.3203335,1607019071.3209922
13_M2,4.001542568206787,1607019067.348223,1607019071.3497655
16_M1,2.0006473064422607,1607019070.3207023,1607019072.3213496
21_M2,1.0008876323699951,1607019073.0090697,1607019074.0099573
22_M0,1.0016634464263916,1607019073.0593696,1607019074.061033
15_M1,4.003526210784912,1607019070.1183534,1607019074.1218796
21_M1,2.0011918544769287,1607019073.0087333,1607019075.0099251
22_M1,3.0032992362976074,1607019073.0600262,1607019076.0633254
19_M1,4.001300096511841,1607019072.3724973,1607019076.3737974
24_M0,2.000931978225708,1607019074.385329,1607019076.386261
21_M3,4.00050163269043,1607019073.0092733,1607019077.009775
24_M1,3.0034797191619873,1607019074.3862815,1607019077.3897612
24_M2,3.007141351699829,1607019074.387174,1607019077.3943152
