task_Id,time
8_M1,1.00128173828125
6_M1,3.0021848678588867
9_M1,2.0021729469299316
6_M0,4.002486944198608
9_M0,3.0033278465270996
