task_Id,time,start_time,end_time
10_M3,2.0013551712036133,1607019253.4341986,1607019255.4355538
13_M0,1.000690221786499,1607019256.2371051,1607019257.2377954
19_M1,1.0013928413391113,1607019261.058073,1607019262.059466
20_M2,2.000777244567871,1607019261.7152874,1607019263.7160647
23_M3,1.0004756450653076,1607019268.7221184,1607019269.722594
