task_Id,message,time
e,end_time
4_M0,1.0014777183532715,1607070803.8294766,1607070804.8309543
2_M2,4.000431776046753,1607070802.1844587,1607070806.1848905
2_M1,4.032560586929321,1607070802.1524036,1607070806.1849642
11_M1,1.001636028289795,1607070808.5657945,1607070809.5674305
8_M1,4.00248384475708,1607070805.8382933,1607070809.8407772
11_M0,3.003465414047241,1607070808.564493,1607070811.5679584
17_M0,2.0016050338745117,1607070811.731221,1607070813.732826
15_R0,3.0033979415893555,1607070811.4892535,1607070814.4926515
16_M1,3.002859592437744,1607070811.6779547,1607070814.6808143
22_M1,3.004425048828125,1607070814.4323804,1607070817.4368055
24_M0,3.001091957092285,1607070816.0597355,1607070819.0608275
23_M3,4.002537965774536,1607070815.1702952,1607070819.1728332
27_M0,3.0031023025512695,1607070818.0778768,1607070821.080979
31_M1,1.0004591941833496,1607070821.624374,1607070822.624833
28_R1,3.00321102142334,1607070820.0246022,1607070823.0278132
28_R0,4.000522136688232,1607070820.024279,1607070824.0248013
36_M1,1.0015320777893066,1607070823.4331386,1607070824.4346707
36_M2,4.003354072570801,1607070823.4334834,1607070827.4368374
38_M3,2.00274395942688,1607070825.8286965,1607070827.8314404
38_M0,4.0012290477752686,1607070825.8277438,1607070829.8289728
40_R0,1.0012943744659424,1607070831.3172753,1607070832.3185697
41_M0,3.0013017654418945,1607070835.5755677,1607070838.5768695
41_R1,4.001174211502075,1607070838.7956314,1607070842.7968056
47_M0,1.0011389255523682,1607070843.6876898,1607070844.6888287
42_R0,4.003175497055054,1607070841.8135982,1607070845.8167737
45_M1,4.004378318786621,1607070843.476434,1607070847.4808123
