task_Id,time
4_M1,2.0004467964172363
3_M1,3.003028154373169
6_M0,2.001599073410034
8_R1,2.0017666816711426
7_R0,1.0012094974517822
0_R0,4.003885984420776
