task_Id,message,time
e,end_time
0_M2,1.001694679260254,1607018819.9240718,1607018820.9257665
7_M2,2.000755786895752,1607018825.1371121,1607018827.137868
8_M2,3.003298759460449,1607018825.5304623,1607018828.533761
7_M1,4.001014947891235,1607018825.1367846,1607018829.1377995
9_M3,2.001091241836548,1607018827.9047115,1607018829.9058027
11_M1,3.003345489501953,1607018828.6415696,1607018831.644915
12_M0,3.0028977394104004,1607018829.1868584,1607018832.1897562
14_M3,1.0017106533050537,1607018831.7421691,1607018832.7438798
14_M2,4.004512786865234,1607018831.7413952,1607018835.745908
16_M1,1.0013070106506348,1607018837.5903168,1607018838.5916238
15_R0,3.002753257751465,1607018836.5510767,1607018839.55383
18_R0,2.002495288848877,1607018843.1342206,1607018845.136716
19_R0,2.002204179763794,1607018843.9755611,1607018845.9777653
19_M0,4.001864910125732,1607018843.9759445,1607018847.9778094
22_M0,3.0003507137298584,1607018845.9455009,1607018848.9458516
22_R0,3.0005838871002197,1607018848.9772441,1607018851.977828
24_M2,3.0011799335479736,1607018849.584597,1607018852.585777
23_M0,4.003805160522461,1607018849.2099721,1607018853.2137773
24_R0,3.0012190341949463,1607018853.6205606,1607018856.6217797
20_R1,1.0012109279632568,1607018860.822959,1607018861.8241699
20_R0,3.0031282901763916,1607018860.8226929,1607018863.8258212
17_R0,3.0019783973693848,1607018866.9318385,1607018869.933817
14_R0,3.002162218093872,1607018874.071652,1607018877.0738142
13_R1,3.001204490661621,1607018877.1366131,1607018880.1378176
12_R0,2.0005037784576416,1607018880.2053137,1607018882.2058175
11_R1,4.000546455383301,1607018882.309289,1607018886.3098354
7_R0,2.002326011657715,1607018893.5581067,1607018895.5604327
7_R1,3.0033249855041504,1607018893.5585067,1607018896.5618317
6_R1,1.001375675201416,1607018896.6244621,1607018897.6258378
5_R0,4.004292726516724,1607018900.6858065,1607018904.6900992
4_M3,1.0012447834014893,1607018904.7781243,1607018905.779369
4_M1,4.004009008407593,1607018904.7777963,1607018908.7818053
3_R0,2.000528335571289,1607018909.8509157,1607018911.851444
2_R1,2.0022897720336914,1607018913.875338,1607018915.8776278
1_R0,4.000402212142944,1607018916.961427,1607018920.9618292
