task_Id,message,time
e,end_time
6_M2,4.0026702880859375,1607063969.1421645,1607063973.1448348
7_M1,4.003622770309448,1607063969.1731925,1607063973.1768153
14_M0,1.0013902187347412,1607063974.6135623,1607063975.6149526
14_M3,3.0024166107177734,1607063974.6143985,1607063977.616815
20_M1,2.003157615661621,1607063982.8240333,1607063984.8271909
24_M2,2.002298593521118,1607063986.8045473,1607063988.806846
28_M1,2.00144624710083,1607063990.8370936,1607063992.8385398
38_M0,1.0009753704071045,1607063997.0678577,1607063998.068833
41_M2,2.0029900074005127,1607063999.3818138,1607064001.3848038
44_M1,3.0033843517303467,1607064001.925262,1607064004.9286463
