task_Id,message,time
e,end_time
8_M3,2.0025594234466553,1607019064.4473653,1607019066.4499247
9_M1,3.002018451690674,1607019064.7558525,1607019067.757871
9_M0,3.002998113632202,1607019064.7554004,1607019067.7583985
13_M3,2.0031352043151855,1607019067.3487406,1607019069.3518758
23_M1,1.0013482570648193,1607019073.3832738,1607019074.384622
23_M0,2.002333641052246,1607019073.3828683,1607019075.385202
22_M2,4.001931190490723,1607019073.0598502,1607019077.0617814
