task_Id,time
15_M1,1.0053095817565918
13_M2,3.0054855346679688
22_M2,1.016291618347168
24_M0,1.0125973224639893
25_M2,2.0093655586242676
29_M0,4.01722526550293
