task_Id,time
794647217
0_M1,2.0017402172088623
1_M0,2.0015432834625244
2_M0,4.003663063049316
7_M1,3.0027287006378174
9_M0,2.0018556118011475
7_M2,4.002567291259766
12_M2,2.001392364501953
16_M2,3.003122091293335
17_M0,2.0002853870391846
16_M1,4.00356125831604
19_M0,3.0029819011688232
19_M3,3.002532482147217
17_R1,3.002747058868408
16_R0,1.001302719116211
16_R1,3.0029563903808594
15_R0,4.001389980316162
