task_Id,message,time
0_M1,TASK BEGUN,1607064438.3220341
3_M0,TASK BEGUN,1607064439.0420969
5_M0,TASK BEGUN,1607064439.260515
0_M1,TASK END,1607064440.3296115
5_M0,TASK END,1607064442.272632
9_M2,TASK BEGUN,1607064442.3414176
3_M0,TASK END,1607064443.050517
10_M0,TASK BEGUN,1607064443.128313
9_M2,TASK END,1607064445.3571725
13_M0,TASK BEGUN,1607064445.4678366
13_M2,TASK BEGUN,1607064445.4728284
10_M0,TASK END,1607064446.1421535
16_M0,TASK BEGUN,1607064447.1214902
16_M0,TASK END,1607064448.1317835
17_M0,TASK BEGUN,1607064448.2397406
13_M0,TASK END,1607064448.4753172
18_M2,TASK BEGUN,1607064448.9692988
17_M0,TASK END,1607064449.251147
13_M2,TASK END,1607064449.483528
18_M2,TASK END,1607064450.9745352
22_M3,TASK BEGUN,1607064454.6323571
23_M1,TASK BEGUN,1607064456.2739637
23_M1,TASK END,1607064458.2816198
25_M1,TASK BEGUN,1607064458.2865796
22_M3,TASK END,1607064458.64032
26_M1,TASK BEGUN,1607064459.0172877
27_M0,TASK BEGUN,1607064459.167877
25_M1,TASK END,1607064461.3049483
26_M1,TASK END,1607064463.0333226
27_M0,TASK END,1607064463.1749122
27_R0,TASK BEGUN,1607064470.0754478
27_R0,TASK END,1607064473.0964422
26_R1,TASK BEGUN,1607064474.2323642
26_R1,TASK END,1607064478.2496452
25_R0,TASK BEGUN,1607064478.4819932
25_R0,TASK END,1607064480.5065727
23_R1,TASK BEGUN,1607064486.8805177
23_R1,TASK END,1607064487.9010787
21_R1,TASK BEGUN,1607064493.2059903
21_R1,TASK END,1607064496.2309847
19_R1,TASK BEGUN,1607064500.5854428
19_R1,TASK END,1607064503.6023371
18_R0,TASK BEGUN,1607064503.7768383
18_R0,TASK END,1607064506.7897751
