task_Id,message,time
1_M2,TASK BEGUN,1607064041.6305757
1_M2,TASK END,1607064043.6509836
3_M0,TASK BEGUN,1607064044.2413719
3_M3,TASK BEGUN,1607064044.2453628
5_M0,TASK BEGUN,1607064046.2021244
3_M0,TASK END,1607064047.2513168
3_M3,TASK END,1607064047.2513168
6_M2,TASK BEGUN,1607064047.417872
5_M0,TASK END,1607064048.2127826
7_M1,TASK BEGUN,1607064048.2306983
8_M1,TASK BEGUN,1607064048.3264706
6_M2,TASK END,1607064048.4321973
10_M0,TASK BEGUN,1607064048.6824875
8_M1,TASK END,1607064050.3380566
13_M0,TASK BEGUN,1607064050.9306757
7_M1,TASK END,1607064052.2411723
10_M0,TASK END,1607064052.6919644
14_M1,TASK BEGUN,1607064052.9253414
17_M0,TASK BEGUN,1607064053.80763
13_M0,TASK END,1607064054.9436288
19_M0,TASK BEGUN,1607064055.3528485
17_M0,TASK END,1607064055.8205974
14_M1,TASK END,1607064055.9303355
19_M0,TASK END,1607064057.3654995
21_R0,TASK BEGUN,1607064060.3755958
22_M0,TASK BEGUN,1607064060.4095044
23_M2,TASK BEGUN,1607064061.3878813
21_R0,TASK END,1607064063.3876395
23_M2,TASK END,1607064063.4025996
22_M0,TASK END,1607064063.4335172
26_R1,TASK BEGUN,1607064064.7071128
27_M2,TASK BEGUN,1607064065.3872774
27_M2,TASK END,1607064066.3955808
29_M0,TASK BEGUN,1607064066.7855394
26_R1,TASK END,1607064068.723354
29_M0,TASK END,1607064069.8066704
29_R0,TASK BEGUN,1607064069.9143848
29_R0,TASK END,1607064070.9227352
27_R1,TASK BEGUN,1607064074.2878668
27_R1,TASK END,1607064077.300845
24_R0,TASK BEGUN,1607064080.6408758
24_R0,TASK END,1607064082.6579666
23_R1,TASK BEGUN,1607064083.809855
23_R1,TASK END,1607064087.8301265
19_R0,TASK BEGUN,1607064092.2183523
19_R0,TASK END,1607064096.2396708
18_R1,TASK BEGUN,1607064096.3972127
18_R1,TASK END,1607064097.4195132
16_R0,TASK BEGUN,1607064102.7372851
16_R0,TASK END,1607064105.751218
14_R1,TASK BEGUN,1607064108.108374
14_R1,TASK END,1607064110.1280122
10_R0,TASK BEGUN,1607064118.640365
10_R0,TASK END,1607064120.6549747
8_R0,TASK BEGUN,1607064130.559122
8_R0,TASK END,1607064132.565783
6_R0,TASK BEGUN,1607064159.8329523
6_R0,TASK END,1607064161.859742
5_R1,TASK BEGUN,1607064164.027903
5_R1,TASK END,1607064166.0459914
3_R0,TASK BEGUN,1607064170.4585068
3_R0,TASK END,1607064173.4794555
0_M0,TASK BEGUN,1607064176.8308709
0_M0,TASK END,1607064179.8494797
0_R1,TASK BEGUN,1607064179.9781346
0_R1,TASK END,1607064181.9937713
