task_Id,message,time
13_M2,TASK BEGUN,1607063846.278066
15_M1,TASK BEGUN,1607063847.0894241
15_M1,TASK END,1607063848.0947337
13_M2,TASK END,1607063849.2835515
22_M2,TASK BEGUN,1607063855.3443553
24_M0,TASK BEGUN,1607063856.1611674
25_M2,TASK BEGUN,1607063856.1721382
22_M2,TASK END,1607063856.360647
24_M0,TASK END,1607063857.1737647
29_M0,TASK BEGUN,1607063857.7201884
25_M2,TASK END,1607063858.1815038
29_M0,TASK END,1607063861.7374136
