Job_Id,Time
0,7.148694753646851
1,13.049466371536255
2,18.76430654525757
3,23.229736328125
4,26.077027082443237
5,30.966739654541016
6,38.111663579940796
7,46.56459355354309
8,51.52616500854492
9,60.044636726379395
10,62.683157444000244
11,70.92788362503052
12,77.14084267616272
13,84.25456261634827
14,90.05412268638611
15,92.33293509483337
16,97.90258002281189
17,103.25389814376831
18,106.99001216888428
19,110.5498034954071
20,114.25939726829529
21,121.88693189620972
22,123.35793876647949
23,127.81751298904419
24,135.0045645236969
