Job_Id,Time
16,3.177820920944214
29,6.246577024459839
28,10.583933591842651
27,15.012633085250854
26,19.375919103622437
25,24.297407865524292
24,29.358864307403564
23,32.72228717803955
22,38.53722929954529
21,43.580756187438965
20,48.2029242515564
19,52.0962598323822
18,57.89857316017151
17,60.786083936691284
15,64.66191101074219
14,69.4105281829834
13,71.12121772766113
12,75.8545138835907
11,78.40147471427917
10,83.96979022026062
9,86.93782448768616
8,90.66683888435364
