Job_Id,Time
12,7.209376573562622
29,6.628943204879761
28,10.345559358596802
27,14.8812735080719
26,20.295182466506958
25,23.2746319770813
24,25.985904932022095
23,28.006667613983154
22,33.288063287734985
21,38.80684494972229
20,41.08695125579834
19,42.673622131347656
18,47.937965393066406
17,51.77185344696045
16,56.46749186515808
15,60.02125573158264
14,64.84514737129211
13,66.57210636138916
11,78.28678822517395
10,79.87577438354492
9,82.48240351676941
8,86.88358759880066
7,89.93758392333984
6,92.55250215530396
5,97.0438768863678
4,103.04428386688232
3,105.35509753227234
2,108.91497492790222
1,116.89083433151245
0,122.66120409965515
