Job_Id,Time
0,9.103567600250244
1,15.805920839309692
2,18.530780792236328
3,25.424540042877197
4,29.99589252471924
5,35.34075927734375
6,41.470327377319336
7,45.974430084228516
8,50.37307858467102
9,56.8354709148407
10,63.01161766052246
11,70.00019216537476
12,75.68165230751038
13,82.48313736915588
14,85.62364435195923
