Job_Id,Time
0,10.714901447296143
1,17.875718116760254
2,20.883375644683838
3,24.845945119857788
4,29.52219796180725
5,32.63857102394104
6,37.34308433532715
7,44.089412450790405
8,48.60427498817444
9,54.52593660354614
10,60.055933237075806
11,67.13303089141846
12,71.27396368980408
13,78.46462869644165
14,84.91584515571594
15,91.58807492256165
16,97.80144691467285
17,102.39338111877441
18,110.10172152519226
19,118.10227012634277
20,123.09631013870239
21,119.68527626991272
22,126.54952764511108
23,131.13426566123962
24,134.5078616142273
25,136.7034068107605
26,144.26743936538696
27,148.97493624687195
28,154.78036642074585
29,158.2974784374237
