Job_Id,Time
9,4.179319620132446
8,7.705989122390747
7,10.184520483016968
6,13.718205213546753
5,15.944942951202393
4,18.81185245513916
3,21.415627241134644
2,28.14619541168213
1,30.712211847305298
0,38.18828368186951
