Job_Id,Time
29,7.837669372558594
28,12.355033874511719
27,13.71734881401062
26,18.05386233329773
25,22.558287143707275
24,27.03977942466736
23,31.41995596885681
22,32.84427094459534
21,37.710389375686646
20,43.335208892822266
19,48.831860065460205
