Job_Id,Time
0,8.282812595367432
1,14.002852439880371
2,19.548502683639526
3,26.89159607887268
4,30.975488901138306
5,38.09370803833008
6,45.47402048110962
7,52.120867013931274
8,55.862074851989746
9,62.94637489318848
10,67.28445267677307
11,74.86275482177734
12,81.09261083602905
13,83.60246348381042
14,87.70023989677429
15,93.60974049568176
16,98.86143898963928
17,105.38629078865051
18,112.78144717216492
19,117.6239607334137
20,122.69157123565674
21,123.90209555625916
22,126.84169721603394
23,132.90170192718506
24,140.60471439361572
