Job_Id,Time
8,4.206731081008911
29,7.161737680435181
28,11.279370546340942
27,16.754252433776855
26,22.198533535003662
25,25.573740482330322
24,27.907531261444092
23,30.421518802642822
22,32.05114769935608
21,35.159571409225464
20,39.44407939910889
19,43.65580701828003
18,48.00217390060425
17,52.91908645629883
16,54.537691831588745
15,58.8372106552124
14,60.44847249984741
13,64.9703414440155
12,68.31016492843628
11,73.08254313468933
10,76.78471803665161
9,78.24878168106079
7,86.30945611000061
6,92.55475068092346
5,97.05570769309998
4,102.34754729270935
3,104.2196753025055
2,108.01173543930054
1,113.42120790481567
0,118.1600296497345
