task_Id,message,time
e,end_time
0_M1,1.0019323825836182,1607018819.9234214,1607018820.9253538
1_M1,4.0028722286224365,1607018820.5909944,1607018824.5938666
3_M0,3.0016045570373535,1607018821.904267,1607018824.9058716
6_M1,1.0014758110046387,1607018824.3497705,1607018825.3512464
4_M0,2.0010032653808594,1607018823.9247923,1607018825.9257956
11_M0,1.001394271850586,1607018828.6414337,1607018829.642828
12_M2,1.001465082168579,1607018829.1873634,1607018830.1888285
9_M2,3.003011703491211,1607018827.9046485,1607018830.9076602
9_M0,4.003604888916016,1607018827.9042547,1607018831.9078596
13_M0,3.000784158706665,1607018829.3690398,1607018832.369824
15_M0,1.0013659000396729,1607018835.518162,1607018836.519528
17_M0,2.00241756439209,1607018837.938865,1607018839.9412825
18_M1,1.0007901191711426,1607018839.1170092,1607018840.1177993
18_M0,3.0012571811676025,1607018839.116593,1607018842.11785
18_M2,4.0006327629089355,1607018839.1172547,1607018843.1178875
21_M3,1.0013527870178223,1607018844.8456352,1607018845.846988
18_R1,3.0033178329467773,1607018843.134494,1607018846.137812
20_M1,2.0008068084716797,1607018844.7490392,1607018846.749846
20_M2,3.0009970664978027,1607018844.7493262,1607018847.7503233
22_M1,2.0023069381713867,1607018845.9456105,1607018847.9479175
19_M1,4.0023956298828125,1607018843.9757335,1607018847.9781291
24_M3,1.001070261001587,1607018849.584766,1607018850.5858362
21_R0,3.0018222332000732,1607018857.7479956,1607018860.7498178
19_R1,3.0021088123321533,1607018863.8677042,1607018866.869813
16_R0,1.0013196468353271,1607018870.0266988,1607018871.0280185
16_R1,4.00282096862793,1607018870.0270076,1607018874.0298285
9_R0,4.003373384475708,1607018887.4785004,1607018891.4818738
8_R0,2.0023598670959473,1607018891.4930472,1607018893.495407
5_R1,4.003839731216431,1607018900.6859674,1607018904.6898072
4_R0,1.0008807182312012,1607018908.7929497,1607018909.7938304
3_R1,4.002750396728516,1607018909.8510175,1607018913.8537679
0_R0,4.0033135414123535,1607018921.0344992,1607018925.0378127
