task_Id,time
3_M1,3.0030617713928223
5_M1,1.0012919902801514
3_M3,4.001723766326904
6_M0,1.001209020614624
6_M1,3.0016300678253174
8_M0,2.0023152828216553
