Job_Id,Time
2,3.137585401535034
4,4.117067575454712
9,7.247312784194946
8,8.492202281951904
7,10.066272258758545
6,11.837035894393921
5,15.166199445724487
3,19.43492031097412
1,26.337546825408936
0,34.68339514732361
