Job_Id,Time
9,7.159128427505493
8,11.437432050704956
7,19.368844270706177
6,26.44117021560669
5,31.332566261291504
4,34.6407356262207
3,38.96691918373108
2,41.4562828540802
1,43.7815215587616
0,49.1001091003418
